type,size,name,pages,bytes,text_chars,has_text_layer,sha256,path,source_url,converted_from_html
commercial-leases,large,sec-1541884-ex10-1-lease,41,576239,113101,True,292eb2cd51d19f0b66a3a1c9dba806d464d154484ae68eb5638216c60398d281,commercial-leases/large/sec-1541884-ex10-1-lease.pdf,https://www.sec.gov/Archives/edgar/data/1541884/000107878214000848/f10q033114_ex10z1.htm,True
commercial-leases,large,sec-25354-ex10-2-lease,44,436571,72396,True,e733bce997c45ded3f231128c00b86af91c63367245fe071393afaea07b7b7f9,commercial-leases/large/sec-25354-ex10-2-lease.pdf,https://www.sec.gov/Archives/edgar/data/25354/000002535412000054/exhibit102leaseagreement.htm,True
commercial-leases,large,sec-854398-ex10-1-lease,28,567799,103218,True,82476cf621cabf7cf8460e00a9bf94843b9d0e6888953b164b1aed6b0e334e91,commercial-leases/large/sec-854398-ex10-1-lease.pdf,https://www.sec.gov/Archives/edgar/data/854398/000085439814000028/exhibit101leaseagreementfy.htm,True
commercial-leases,medium,sec-1423542-ex10-7-lease-addendum,6,115878,12072,True,e63cb81db42b04ad5e86c647bc9f5210cfb110d9de8f0b03377d85192bc8ecb6,commercial-leases/medium/sec-1423542-ex10-7-lease-addendum.pdf,https://www.sec.gov/Archives/edgar/data/1423542/000142354214000037/exhibit-107x2014630xleasea.htm,True
commercial-leases,medium,sec-1494722-ex10-1-lease-purchase,12,169265,12732,True,9a3fabed31bb86e7c4efa79942626373f62a702602b5ef3bbf55519aef2d4317,commercial-leases/medium/sec-1494722-ex10-1-lease-purchase.pdf,https://www.sec.gov/Archives/edgar/data/1494722/000146970913000459/ex10_1leasepurchaseagreement.htm,True
commercial-leases,small,sec-1692415-ex10-1-commercial-lease,5,169036,15738,True,d4655816ff959e287a10093a05138c4b6bf017ac70ae0a4486e177e9d41e3d0d,commercial-leases/small/sec-1692415-ex10-1-commercial-lease.pdf,https://www.sec.gov/Archives/edgar/data/1692415/000149315223040050/ex10-1.htm,True
cuad-service-contracts,large,atninternationalinc-20191108-10-q-ex-10-1-11878541-ex-10-1-maintenance-agreement,71,477104,228228,True,70d0b708cb1858d18ebfc2711a44595a0e8f7d5256b305cf0d65a4fdb57a37cd,cuad-service-contracts/large/atninternationalinc-20191108-10-q-ex-10-1-11878541-ex-10-1-maintenance-agreement.pdf,CUAD_v1.zip:CUAD_v1/full_contract_pdf/Part_I/Maintenance/AtnInternationalInc_20191108_10-Q_EX-10.1_11878541_EX-10.1_Maintenance Agreement.pdf,False
cuad-service-contracts,large,azulsa-20170303-f-1a-ex-10-3-9943903-ex-10-3-maintenance-agreement1,111,824876,232674,True,c322968f237fadc1090834038ae8cf3012b39954bc5b3c94576d77f2d596f2e0,cuad-service-contracts/large/azulsa-20170303-f-1a-ex-10-3-9943903-ex-10-3-maintenance-agreement1.pdf,CUAD_v1.zip:CUAD_v1/full_contract_pdf/Part_I/Maintenance/AzulSa_20170303_F-1A_EX-10.3_9943903_EX-10.3_Maintenance Agreement1.pdf,False
cuad-service-contracts,large,gpaqacquisitionholdingsinc-20200123-s-4a-ex-10-8-11951679-ex-10-8-service-agreem,25,271405,54920,True,7837df24989af83a369b3f1e8cf7aaf8b2cb38d85faef493496dac19830debde,cuad-service-contracts/large/gpaqacquisitionholdingsinc-20200123-s-4a-ex-10-8-11951679-ex-10-8-service-agreem.pdf,CUAD_v1.zip:CUAD_v1/full_contract_pdf/Part_I/Service/GpaqAcquisitionHoldingsInc_20200123_S-4A_EX-10.8_11951679_EX-10.8_Service Agreement.pdf,False
cuad-service-contracts,large,pareteumcorp-20081001-8-k-ex-99-1-2654808-ex-99-1-hosting-agreement,30,278128,66321,True,72031417b50f6e52fef4056c57923b08f6d643413b5770a838aa9069a717aa47,cuad-service-contracts/large/pareteumcorp-20081001-8-k-ex-99-1-2654808-ex-99-1-hosting-agreement.pdf,CUAD_v1.zip:CUAD_v1/full_contract_pdf/Part_I/Hosting/PareteumCorp_20081001_8-K_EX-99.1_2654808_EX-99.1_Hosting Agreement.pdf,False
cuad-service-contracts,large,pfhospitalitygroupinc-20150923-10-12g-ex-10-1-9266710-ex-10-1-franchise-agreemen,42,373486,152548,True,74c17bbd0db5536cf09e6eb2826f765954d4e1624f93448245d28e0bc36cc552,cuad-service-contracts/large/pfhospitalitygroupinc-20150923-10-12g-ex-10-1-9266710-ex-10-1-franchise-agreemen.pdf,CUAD_v1.zip:CUAD_v1/full_contract_pdf/Part_I/Franchise/PfHospitalityGroupInc_20150923_10-12G_EX-10.1_9266710_EX-10.1_Franchise Agreement1.pdf,False
cuad-service-contracts,medium,azulsa-20170303-f-1a-ex-10-3-9943903-ex-10-3-maintenance-agreement2,9,193120,16830,True,8160e0472b7ba8fe90057d0f1fbb0ff7d0eae441317891219227aa61cb313ae3,cuad-service-contracts/medium/azulsa-20170303-f-1a-ex-10-3-9943903-ex-10-3-maintenance-agreement2.pdf,CUAD_v1.zip:CUAD_v1/full_contract_pdf/Part_I/Maintenance/AzulSa_20170303_F-1A_EX-10.3_9943903_EX-10.3_Maintenance Agreement2.pdf,False
cuad-service-contracts,medium,coralgoldresources-ltd-05-28-2020-ex-4-1-consulting-agreement,11,150055,29602,True,f829a78b942c85525c99258a7e8a62edb637228b9ffd7ce9ceb55f2c94e4a7a9,cuad-service-contracts/medium/coralgoldresources-ltd-05-28-2020-ex-4-1-consulting-agreement.pdf,"CUAD_v1.zip:CUAD_v1/full_contract_pdf/Part_II/Consulting Agreements/CORALGOLDRESOURCES,LTD_05_28_2020-EX-4.1-CONSULTING AGREEMENT.PDF",False
cuad-service-contracts,medium,ferroglobeplc-20150624-f-4a-ex-10-20-9154746-ex-10-20-outsourcing-agreement,19,230276,30414,True,9d8734bf7d20fe8e2e2503c7608e5f19f4ebf5858c65a26ef38cb84bc79eeaa3,cuad-service-contracts/medium/ferroglobeplc-20150624-f-4a-ex-10-20-9154746-ex-10-20-outsourcing-agreement.pdf,CUAD_v1.zip:CUAD_v1/full_contract_pdf/Part_I/Outsourcing/FerroglobePlc_20150624_F-4A_EX-10.20_9154746_EX-10.20_Outsourcing Agreement.pdf,False
cuad-service-contracts,medium,imperialgardenresortinc-20161028-drs-on-f-1-ex-10-13-9963189-ex-10-13-outsourcin,7,127411,12235,True,76fc84de3c64d411971268fda2a5efa607dd26bf80c2ca336922dcd700db712c,cuad-service-contracts/medium/imperialgardenresortinc-20161028-drs-on-f-1-ex-10-13-9963189-ex-10-13-outsourcin.pdf,CUAD_v1.zip:CUAD_v1/full_contract_pdf/Part_I/Outsourcing/ImperialGardenResortInc_20161028_DRS (on F-1)_EX-10.13_9963189_EX-10.13_Outsourcing Agreement.pdf,False
cuad-service-contracts,medium,integrityfunds-20200121-485bpos-ex-99-e-undr-contr-11948727-ex-99-e-undr-contr-s,8,105016,23795,True,594765b113dee282b0daccfdf0e3402cce747d7012fb4ab9915382232fd1363a,cuad-service-contracts/medium/integrityfunds-20200121-485bpos-ex-99-e-undr-contr-11948727-ex-99-e-undr-contr-s.pdf,CUAD_v1.zip:CUAD_v1/full_contract_pdf/Part_I/Service/IntegrityFunds_20200121_485BPOS_EX-99.E UNDR CONTR_11948727_EX-99.E UNDR CONTR_Service Agreement.pdf,False
cuad-service-contracts,small,adurobiotech-inc-06-02-2020-ex-10-7-consulting-agreement-1,4,98410,11984,True,18fc8a33dd82875ef8f31bd70d70d4bd96572d5d9730a6ac31a71cef1200aaea,cuad-service-contracts/small/adurobiotech-inc-06-02-2020-ex-10-7-consulting-agreement-1.pdf,"CUAD_v1.zip:CUAD_v1/full_contract_pdf/Part_II/Consulting Agreements/ADUROBIOTECH,INC_06_02_2020-EX-10.7-CONSULTING AGREEMENT(1).PDF",False
cuad-service-contracts,small,bangiinc-05-25-2005-ex-10-premium-managed-hosting-agreement,2,79883,2045,True,fa64219e1d671f17b214f84473fd32957899a96b869088dcbab3dd41b3b22cdb,cuad-service-contracts/small/bangiinc-05-25-2005-ex-10-premium-managed-hosting-agreement.pdf,CUAD_v1.zip:CUAD_v1/full_contract_pdf/Part_II/Hosting/BANGIINC_05_25_2005-EX-10-Premium Managed Hosting Agreement.PDF,False
cuad-service-contracts,small,freecook-20180605-s-1-ex-10-3-11233807-ex-10-3-hosting-agreement,3,133030,6318,True,4f7f73fad7d3f00c1f17c11894ac56867d049a7de006b38f172120e5c7bf458e,cuad-service-contracts/small/freecook-20180605-s-1-ex-10-3-11233807-ex-10-3-hosting-agreement.pdf,CUAD_v1.zip:CUAD_v1/full_contract_pdf/Part_I/Hosting/Freecook_20180605_S-1_EX-10.3_11233807_EX-10.3_Hosting Agreement.pdf,False
cuad-service-contracts,small,pfhospitalitygroupinc-20150923-10-12g-ex-10-1-9266710-ex-10-1-franchise-agreemen,3,123560,6762,True,ce9c45a3d9e12eea6f155dfdcd940a796f1c5a225d94acca04f6043ea844b2f7,cuad-service-contracts/small/pfhospitalitygroupinc-20150923-10-12g-ex-10-1-9266710-ex-10-1-franchise-agreemen.pdf,CUAD_v1.zip:CUAD_v1/full_contract_pdf/Part_I/Franchise/PfHospitalityGroupInc_20150923_10-12G_EX-10.1_9266710_EX-10.1_Franchise Agreement3.pdf,False
cuad-service-contracts,small,rgcresourcesinc-20151216-8-k-ex-10-3-9372751-ex-10-3-franchise-agreement,3,103990,5155,True,d238b2639eb25207d179381eee57a0b04af6e42fd416acc22d20aebebb462239,cuad-service-contracts/small/rgcresourcesinc-20151216-8-k-ex-10-3-9372751-ex-10-3-franchise-agreement.pdf,CUAD_v1.zip:CUAD_v1/full_contract_pdf/Part_I/Franchise/RgcResourcesInc_20151216_8-K_EX-10.3_9372751_EX-10.3_Franchise Agreement.pdf,False
gym-fitness-contracts,small,proed-gym-membership-contract-sample,3,852259,8841,True,48ecf83ebbce70ed72ec1b4b63f539ec670e85195e043cc93a9cb28ab6b0d440,gym-fitness-contracts/small/proed-gym-membership-contract-sample.pdf,https://www.proedinc.com/Downloads/20836SamplePgs.pdf,False
gym-fitness-contracts,small,sc-consumer-affairs-gym-memberships,1,180056,2959,True,0238fccb64799d7d0dfaebc09589a5f29986da108d867134a11f910aa954f911,gym-fitness-contracts/small/sc-consumer-affairs-gym-memberships.pdf,https://www.consumer.sc.gov/sites/consumer/files/Documents/Gym_Memberships.pdf,False
gym-fitness-contracts,small,sc-personal-training-agreement,3,51519,3452,True,4620c3c2aa4e921f57d8a12ad4f02e818df1405b13536dbc212b17d5e584ae3b,gym-fitness-contracts/small/sc-personal-training-agreement.pdf,https://www.consumer.sc.gov/sites/default/files/Documents/Business%20Resources%20Laws/Regulatory/Gyms/agreement_personal_training.pdf,False
residential-leases,medium,hud-model-lease-90105a,15,266465,39952,True,ae735de3c9619a2bb7f2431db1d06e2476468d627e82232fe463815b08b78754,residential-leases/medium/hud-model-lease-90105a.pdf,https://www.hud.gov/sites/dfiles/OCHCO/documents/90105a.pdf,False
residential-leases,medium,nj-hmfa-model-lease-subsidized,15,345748,32393,True,bcd192df149a01e9c6006f2ba7fe6c1d974166cc90ab737ebc43d7491e14ddc5,residential-leases/medium/nj-hmfa-model-lease-subsidized.pdf,https://www.nj.gov/dca/hmfa/assetmgt/propertymgrs/docs/forms_manuals/propmgr_model_lease_sub_progs.pdf,False
residential-leases,medium,watervliet-rad-pbra-model-lease,15,72293,38577,True,2f67fad1b2d8e2d42bc3f4fea7d64922cf8afab8ba656abf408903c86e3aca7c,residential-leases/medium/watervliet-rad-pbra-model-lease.pdf,https://watervliethousing.org/wha/files/RAD%20PBRA%20Model%20Lease%2090105A.pdf,False
student-housing-leases,large,osu-usg-renters-guide-2019,21,4920115,11570,True,7bdb5955992bb078a9ccf83db17c850c2a0cc5075cb42f0660e592c4b92d2452,student-housing-leases/large/osu-usg-renters-guide-2019.pdf,https://offcampus.osu.edu/posts/documents/2019-usg-renting-guide.pdf,False
student-housing-leases,medium,uc-berkeley-family-housing-rental-agreement,11,974214,42151,True,e474193f61369f7117c3dbf410d8462f9a55aeac5559e8bfe2367c7dade8a6fa,student-housing-leases/medium/uc-berkeley-family-housing-rental-agreement.pdf,https://housing.berkeley.edu/wp-content/uploads/Sample_Rental-Agreement.pdf,False
student-housing-leases,small,puget-sound-sample-offcampus-lease,4,20269,8980,True,260a21aeb7973aef43260aaa715d1173dc4d184e70a4ee30fae1d1b0967efa00,student-housing-leases/small/puget-sound-sample-offcampus-lease.pdf,https://www.pugetsound.edu/sites/default/files/file/1873_OCSSsamplelease_0.pdf,False
student-loans,medium,direct-loan-sub-unsub-mpn,14,2002964,81567,True,253c023513b159ea330cfc36c046899ec43700d1a2f3c829e9304d80c4ea17ba,student-loans/medium/direct-loan-sub-unsub-mpn.pdf,https://studentaid.gov/sites/default/files/Sub_Unsub_MPN_508-en-us.pdf,False
student-loans,medium,direct-plus-loan-mpn,14,2739353,83830,True,a0ee8937d30601697bfde64cff2d58e7e939af3090184841a25537fae380da1f,student-loans/medium/direct-plus-loan-mpn.pdf,https://studentaid.gov/sites/default/files/PLUS_MPN_508-en-us.pdf,False
student-loans,medium,fsa-direct-loan-101-mpn-basics,10,255958,18275,True,3078ddb0ee382a6d2849c7ee7f02dcb040a2e93e029aa8f3982b811d6f63b2d8,student-loans/medium/fsa-direct-loan-101-mpn-basics.pdf,https://fsapartners.ed.gov/sites/default/files/attachments/2019-07/DLMPNBasics.pdf,False
student-loans,medium,fsa-direct-loan-sub-unsub-mpn-2020,14,1865272,81614,True,71fadeda111449a6d158bbcc03eb13a8a06721c06c44c1084e9b58cf8f86dbec,student-loans/medium/fsa-direct-loan-sub-unsub-mpn-2020.pdf,https://fsapartners.ed.gov/sites/default/files/attachments/2020-04/SubUnsubMPN.pdf,False
wireless-telecom-agreements,medium,att-wireless-terms-of-service-2007,20,655558,34681,True,30fffb5dbc5e810360490597640db23e24c8ab164b510a6a8e0aecfbab27af43,wireless-telecom-agreements/medium/att-wireless-terms-of-service-2007.pdf,https://www.att.com/support_static_files/KB/PATTLNK_8282007_152-FMSTCT06070104E.PDF,False
wireless-telecom-agreements,medium,credo-mobile-customer-agreement,11,122986,46980,True,797e0e2f505cea1419f041a6e6f669514c153b0d2fa684308cd4ea625b95e585,wireless-telecom-agreements/medium/credo-mobile-customer-agreement.pdf,https://assets.credomobile.com/_files/CREDO-MOBILE_customer_agreement.pdf,False
wireless-telecom-agreements,medium,mercury-broadband-customer-service-agreement,12,89357,32424,True,bc5169855d627a9cc6e0b902285540c5efb190ac45d40db35d1b848533d98514,wireless-telecom-agreements/medium/mercury-broadband-customer-service-agreement.pdf,https://mercurybroadband.com/wp-content/uploads/2023/03/Customer-Service-Agreement.pdf,False
wireless-telecom-agreements,medium,verizon-customer-agreement-2022,8,237727,36059,True,d45d31a4773d32790d8409a79b5ad0fdd23add0df8ecbe80ae12df3a4bf67208,wireless-telecom-agreements/medium/verizon-customer-agreement-2022.pdf,https://ss7.vzw.com/is/content/VerizonWireless/customer-agreement-policy-english-pdf-2022pdf,False
wireless-telecom-agreements,medium,verizon-customer-agreement-2025,6,269139,67059,True,3ff89b91b94f6258b9ded158e9c281be3570460ad2c583e5efc32f3ff353ceb3,wireless-telecom-agreements/medium/verizon-customer-agreement-2025.pdf,https://www.verizon.com/support/pdf/collateral/2025/NRBROCH0925ENCAII_National%20brochure%20accessible10-1.pdf,False
